source,original_sha256,original_bytes
VAL stderr,b9251b58b5f227152f88482e8a86637db059cc87170451a614cec5086bdb0fd0,812
DEV report,9d2e91c68874a6d8f8c28436a1fb3f09bbdec9a1ecef2d6cd3c298f3689df0a5,921904
VAL report,87a4b394d343a0805745ac0f9f0a12bb91085bae223e5c517570bc3f8c730f90,922308
DEV candidate,8fce4859d1e1ef031dbbcedcad1928d9899747220843145c588716d105c595e4,4757
VAL identity,9874f03b08c4c14afcada9e546a06cc0bc4154ea91d28b84529ce40f36008a0b,820
VAL revalidation request,47d4200a6ef16950e16d5cf1af4a2765eeb7c4230196afab58e784459b1e9c2c,235
VAL launch record,b0df1a1eecff485b7b2be871dbe2692cea0a0d330d834061f5066cbb67e10d1b,427
VAL report observation,6bb583e8d81f11449f2ca5f4a99dffa488557fbc9c737a1087ea480894cf962b,2251
VAL qualification metadata,20e7c15fce1c6a0b91f8f615a8d522d69a4071d8fe56b2854f248c75a2ac1b80,235
VAL publication observation,06fca8162ac1288f80161407b02afd12aba7b78314ac32049128dbd3406ac059,796
VAL close observation,aeabc84f25836c422e92c59b3c35cb055f22ce2e4bb6b97f0f69b40d2a4c9699,288
VAL cold observation,0de0f5da59cfff0876a235a431c9428013013574cb327fe4eae043a8c1d44402,3347
VAL received codec result,44b8c2f640a43e9bc5fbabcb6d5e9f1011978c21d438a862ed29c4a599c8e9fd,592
DEV launch record,6d2c4d15964534621cbc2dfe8b6eb8620ae2eed44cef3463bf1f01af018e0047,1188
DEV report observation,c3add8d05dc920e1bda8a9e12e92cd13a50e0d98f477530800009ac0b3b92b52,20594
DEV qualification hash,39fc7876313f21173bef14c4178764d12e7f1e096ff535861bd1d9c448e60e16,110
DEV cold launch record,0ceec915592c815a20ae4c526d65aa8cf7a66717efba665136be2e45ec0c5b29,1185
DEV close observation,711ca29449f59a52cf64e68921475de2754c1e2896989f331df83ff286f95835,374
DEV cold qualification hash,e8cf549b534c36e8f08fd5be51afc2efc4c65f834f02a1253aa190a72466c1d8,98
DEV cold UI observation,5b6799eeaddd62d6e55aa8f95ea0c9427a9d6cfc10c69c4e43e5c7b06ca71456,710
VAL startup log,9d0316640fdc70d31c40343d02cc850017724d527f6cabc6c6cd493d159c96b2,3908
VAL runtime observations,65b022395e8464d8b38b7ef694d2bff23e0efe3a7594b548352ae487fb8b0436,12694
