experiment,machine,path,query_id,elapsed_ns
CANDIDATE,DEV,fts5,1,23056700
CANDIDATE,DEV,fts5,2,100563400
CANDIDATE,DEV,fts5,3,96389000
CANDIDATE,DEV,fts5,4,23105600
CANDIDATE,DEV,fts5,5,96462000
CANDIDATE,DEV,fts5,6,93967400
CANDIDATE,DEV,fts5,7,22621400
CANDIDATE,DEV,fts5,8,100165500
CANDIDATE,DEV,fts5,9,96554300
CANDIDATE,DEV,fts5,10,22698800
CANDIDATE,DEV,fts5,11,99335600
CANDIDATE,DEV,fts5,12,103588400
CANDIDATE,DEV,fts5,13,25302300
CANDIDATE,DEV,fts5,14,117413500
CANDIDATE,DEV,fts5,15,122383800
CANDIDATE,DEV,fts5,16,26331900
CANDIDATE,DEV,fts5,17,111947100
CANDIDATE,DEV,fts5,18,99725300
CANDIDATE,DEV,fts5,19,23154200
CANDIDATE,DEV,fts5,20,100442300
CANDIDATE,DEV,fts5,21,99603700
CANDIDATE,DEV,fts5,22,24405400
CANDIDATE,DEV,fts5,23,101010300
CANDIDATE,DEV,fts5,24,97833300
CANDIDATE,DEV,fts5,25,81146000
CANDIDATE,DEV,fts5,26,82726800
CANDIDATE,DEV,fts5,27,78190100
CANDIDATE,DEV,fts5,28,11414800
CANDIDATE,DEV,fts5,29,79854700
CANDIDATE,DEV,fts5,30,77936900
CANDIDATE,DEV,fts5,31,74713100
CANDIDATE,DEV,fts5,32,11227800
CANDIDATE,DEV,fts5,33,74553900
CANDIDATE,DEV,fts5,34,81048100
CANDIDATE,DEV,fts5,35,81047400
CANDIDATE,DEV,fts5,36,78200400
CANDIDATE,DEV,fts5,37,83714700
CANDIDATE,DEV,fts5,38,88489800
CANDIDATE,DEV,fts5,39,86759000
CANDIDATE,DEV,fts5,40,13498200
CANDIDATE,DEV,fts5,41,90946000
CANDIDATE,DEV,fts5,42,88552500
CANDIDATE,DEV,fts5,43,82049900
CANDIDATE,DEV,fts5,44,11701500
CANDIDATE,DEV,fts5,45,75748800
CANDIDATE,DEV,fts5,46,81694000
CANDIDATE,DEV,fts5,47,74411600
CANDIDATE,DEV,fts5,48,82437800
CANDIDATE,DEV,fts5,49,79510000
CANDIDATE,DEV,fts5,50,79458500
CANDIDATE,DEV,fts5,51,75361400
CANDIDATE,DEV,fts5,52,10511600
CANDIDATE,DEV,fts5,53,74498100
CANDIDATE,DEV,fts5,54,76258500
CANDIDATE,DEV,fts5,55,79595600
CANDIDATE,DEV,fts5,56,11282900
CANDIDATE,DEV,fts5,57,75040400
CANDIDATE,DEV,fts5,58,79085800
CANDIDATE,DEV,fts5,59,84346400
CANDIDATE,DEV,fts5,60,81057400
CANDIDATE,DEV,fts5,61,241558500
CANDIDATE,DEV,fts5,62,236484800
CANDIDATE,DEV,fts5,63,250162400
CANDIDATE,DEV,fts5,64,270595600
CANDIDATE,DEV,fts5,65,257922100
CANDIDATE,DEV,fts5,66,239064800
CANDIDATE,DEV,fts5,67,256038200
CANDIDATE,DEV,fts5,68,247921500
CANDIDATE,DEV,fts5,69,235424900
CANDIDATE,DEV,fts5,70,235081200
CANDIDATE,DEV,fts5,71,259481900
CANDIDATE,DEV,fts5,72,283939100
CANDIDATE,DEV,fts5,73,258736600
CANDIDATE,DEV,fts5,74,263564300
CANDIDATE,DEV,fts5,75,246800200
CANDIDATE,DEV,fts5,76,240895800
CANDIDATE,DEV,fts5,77,250079600
CANDIDATE,DEV,fts5,78,252415500
CANDIDATE,DEV,fts5,79,281984200
CANDIDATE,DEV,fts5,80,270386700
CANDIDATE,DEV,fts5,81,247612500
CANDIDATE,DEV,fts5,82,243103400
CANDIDATE,DEV,fts5,83,250842100
CANDIDATE,DEV,fts5,84,247805000
CANDIDATE,DEV,fts5,85,265969000
CANDIDATE,DEV,fts5,86,291701300
CANDIDATE,DEV,fts5,87,276867800
CANDIDATE,DEV,fts5,88,249430600
CANDIDATE,DEV,fts5,89,253001100
CANDIDATE,DEV,fts5,90,261194800
CANDIDATE,DEV,fts5,91,245442200
CANDIDATE,DEV,fts5,92,251564500
CANDIDATE,DEV,fts5,93,246484600
CANDIDATE,DEV,fts5,94,252490300
CANDIDATE,DEV,fts5,95,285005400
CANDIDATE,DEV,fts5,96,255799600
CANDIDATE,DEV,fts5,97,143049500
CANDIDATE,DEV,fts5,98,307450000
CANDIDATE,DEV,fts5,99,139843800
CANDIDATE,DEV,fts5,100,344729100
CANDIDATE,DEV,fts5,101,244066900
CANDIDATE,DEV,fts5,102,268756700
CANDIDATE,DEV,fts5,103,187108300
CANDIDATE,DEV,fts5,104,156136600
CANDIDATE,DEV,fts5,105,198909600
CANDIDATE,DEV,fts5,106,177647900
CANDIDATE,DEV,fts5,107,331856400
CANDIDATE,DEV,fts5,108,199709300
CANDIDATE,DEV,fts5,109,235593100
CANDIDATE,DEV,fts5,110,337663800
CANDIDATE,DEV,fts5,111,381587100
CANDIDATE,DEV,fts5,112,273065900
CANDIDATE,DEV,fts5,113,144867600
CANDIDATE,DEV,fts5,114,172073500
CANDIDATE,DEV,fts5,115,239671000
CANDIDATE,DEV,fts5,116,360181800
CANDIDATE,DEV,fts5,117,325228300
CANDIDATE,DEV,fts5,118,405422400
CANDIDATE,DEV,fts5,119,367346900
CANDIDATE,DEV,fts5,120,235044600
CANDIDATE,DEV,fts5,121,251171100
CANDIDATE,DEV,fts5,122,196333600
CANDIDATE,DEV,fts5,123,342572700
CANDIDATE,DEV,fts5,124,172336700
CANDIDATE,DEV,fts5,125,387639600
CANDIDATE,DEV,fts5,126,371039500
CANDIDATE,DEV,fts5,127,313834000
CANDIDATE,DEV,fts5,128,208377700
CANDIDATE,DEV,fts5,129,294042700
CANDIDATE,DEV,fts5,130,243346500
CANDIDATE,DEV,fts5,131,167499100
CANDIDATE,DEV,fts5,132,344641100
CANDIDATE,DEV,fts5,133,147772900
CANDIDATE,DEV,fts5,134,359078800
CANDIDATE,DEV,fts5,135,383373700
CANDIDATE,DEV,fts5,136,182832500
CANDIDATE,DEV,fts5,137,326606200
CANDIDATE,DEV,fts5,138,308414700
CANDIDATE,DEV,fts5,139,344663800
CANDIDATE,DEV,fts5,140,381163200
CANDIDATE,DEV,fts5,141,339890300
CANDIDATE,DEV,fts5,142,146976600
CANDIDATE,DEV,fts5,143,321123700
CANDIDATE,DEV,fts5,144,227925700
CANDIDATE,DEV,fts5,145,358765000
CANDIDATE,DEV,fts5,146,378681100
CANDIDATE,DEV,fts5,147,179536600
CANDIDATE,DEV,fts5,148,265674700
CANDIDATE,DEV,fts5,149,334363700
CANDIDATE,DEV,fts5,150,324261400
CANDIDATE,DEV,fts5,151,376338200
CANDIDATE,DEV,fts5,152,389758500
CANDIDATE,DEV,fts5,153,371412600
CANDIDATE,DEV,fts5,154,154140500
CANDIDATE,DEV,fts5,155,326506500
CANDIDATE,DEV,fts5,156,208708400
CANDIDATE,DEV,fts5,157,353137900
CANDIDATE,DEV,fts5,158,400922300
CANDIDATE,DEV,fts5,159,196462700
CANDIDATE,DEV,fts5,160,409320800
CANDIDATE,DEV,fts5,161,417621700
CANDIDATE,DEV,fts5,162,307983400
CANDIDATE,DEV,fts5,163,362233200
CANDIDATE,DEV,fts5,164,337807200
CANDIDATE,DEV,fts5,165,322007300
CANDIDATE,DEV,fts5,166,144900900
CANDIDATE,DEV,fts5,167,339378400
CANDIDATE,DEV,fts5,168,267396500
CANDIDATE,DEV,fts5,169,353148300
CANDIDATE,DEV,fts5,170,252108100
CANDIDATE,DEV,fts5,171,380321600
CANDIDATE,DEV,fts5,172,204457000
CANDIDATE,DEV,fts5,173,340383100
CANDIDATE,DEV,fts5,174,340621300
CANDIDATE,DEV,fts5,175,298447900
CANDIDATE,DEV,fts5,176,205979800
CANDIDATE,DEV,fts5,177,205049000
CANDIDATE,DEV,fts5,178,334879600
CANDIDATE,DEV,fts5,179,200918700
CANDIDATE,DEV,fts5,180,240038700
CANDIDATE,DEV,fts5,181,377700200
CANDIDATE,DEV,fts5,182,238590400
CANDIDATE,DEV,fts5,183,423734800
CANDIDATE,DEV,fts5,184,209937600
CANDIDATE,DEV,fts5,185,429749200
CANDIDATE,DEV,fts5,186,423945700
CANDIDATE,DEV,fts5,187,390309300
CANDIDATE,DEV,fts5,188,413249200
CANDIDATE,DEV,fts5,189,378779300
CANDIDATE,DEV,fts5,190,390863100
CANDIDATE,DEV,fts5,191,270616500
CANDIDATE,DEV,fts5,192,232028800
CANDIDATE,DEV,fts5,193,436205900
CANDIDATE,DEV,fts5,194,446697500
CANDIDATE,DEV,fts5,195,383101100
CANDIDATE,DEV,fts5,196,375900800
CANDIDATE,DEV,fts5,197,354170700
CANDIDATE,DEV,fts5,198,416809800
CANDIDATE,DEV,fts5,199,441828200
CANDIDATE,DEV,fts5,200,354967900
CANDIDATE,DEV,fts5,201,104788100
CANDIDATE,DEV,fts5,202,102081000
CANDIDATE,DEV,fts5,203,100266400
CANDIDATE,DEV,fts5,204,101551500
CANDIDATE,DEV,fts5,205,99245600
CANDIDATE,DEV,fts5,206,105711500
CANDIDATE,DEV,fts5,207,103973600
CANDIDATE,DEV,fts5,208,123243300
CANDIDATE,DEV,fts5,209,113936100
CANDIDATE,DEV,fts5,210,121313900
CANDIDATE,DEV,fts5,211,116142000
CANDIDATE,DEV,fts5,212,103425000
CANDIDATE,DEV,fts5,213,104898700
CANDIDATE,DEV,fts5,214,101633700
CANDIDATE,DEV,fts5,215,110847800
CANDIDATE,DEV,fts5,216,109607100
CANDIDATE,DEV,fts5,217,106826500
CANDIDATE,DEV,fts5,218,108223800
CANDIDATE,DEV,fts5,219,100827500
CANDIDATE,DEV,fts5,220,103899000
CANDIDATE,DEV,fts5,221,103588400
CANDIDATE,DEV,fts5,222,104612700
CANDIDATE,DEV,fts5,223,104363500
CANDIDATE,DEV,fts5,224,103548300
CANDIDATE,DEV,fts5,225,111126800
CANDIDATE,DEV,fts5,226,121276000
CANDIDATE,DEV,fts5,227,119640700
CANDIDATE,DEV,fts5,228,119312200
CANDIDATE,DEV,fts5,229,121854200
CANDIDATE,DEV,fts5,230,111308200
CANDIDATE,DEV,fts5,231,111457300
CANDIDATE,DEV,fts5,232,110619600
CANDIDATE,DEV,fts5,233,102023800
CANDIDATE,DEV,fts5,234,101234700
CANDIDATE,DEV,fts5,235,103769600
CANDIDATE,DEV,fts5,236,112348600
CANDIDATE,DEV,fts5,237,105410700
CANDIDATE,DEV,fts5,238,101565700
CANDIDATE,DEV,fts5,239,103490200
CANDIDATE,DEV,fts5,240,100034700
CANDIDATE,DEV,fallback,1,27583100
CANDIDATE,DEV,fallback,2,106957500
CANDIDATE,DEV,fallback,3,106764700
CANDIDATE,DEV,fallback,4,27655700
CANDIDATE,DEV,fallback,5,104416900
CANDIDATE,DEV,fallback,6,97844900
CANDIDATE,DEV,fallback,7,26453800
CANDIDATE,DEV,fallback,8,99286300
CANDIDATE,DEV,fallback,9,96770400
CANDIDATE,DEV,fallback,10,26018900
CANDIDATE,DEV,fallback,11,98499200
CANDIDATE,DEV,fallback,12,97911800
CANDIDATE,DEV,fallback,13,27357300
CANDIDATE,DEV,fallback,14,102780200
CANDIDATE,DEV,fallback,15,101331200
CANDIDATE,DEV,fallback,16,26943500
CANDIDATE,DEV,fallback,17,109906000
CANDIDATE,DEV,fallback,18,113113300
CANDIDATE,DEV,fallback,19,31239200
CANDIDATE,DEV,fallback,20,116716900
CANDIDATE,DEV,fallback,21,125314100
CANDIDATE,DEV,fallback,22,30061000
CANDIDATE,DEV,fallback,23,107975700
CANDIDATE,DEV,fallback,24,99151900
CANDIDATE,DEV,fallback,25,81398800
CANDIDATE,DEV,fallback,26,80978000
CANDIDATE,DEV,fallback,27,82030300
CANDIDATE,DEV,fallback,28,16419700
CANDIDATE,DEV,fallback,29,81327800
CANDIDATE,DEV,fallback,30,77498100
CANDIDATE,DEV,fallback,31,73604900
CANDIDATE,DEV,fallback,32,15260000
CANDIDATE,DEV,fallback,33,76629200
CANDIDATE,DEV,fallback,34,83506400
CANDIDATE,DEV,fallback,35,79646000
CANDIDATE,DEV,fallback,36,80152000
CANDIDATE,DEV,fallback,37,78775700
CANDIDATE,DEV,fallback,38,80850900
CANDIDATE,DEV,fallback,39,78990600
CANDIDATE,DEV,fallback,40,13977100
CANDIDATE,DEV,fallback,41,79935200
CANDIDATE,DEV,fallback,42,79546600
CANDIDATE,DEV,fallback,43,83703600
CANDIDATE,DEV,fallback,44,16515200
CANDIDATE,DEV,fallback,45,89385100
CANDIDATE,DEV,fallback,46,95306600
CANDIDATE,DEV,fallback,47,91646100
CANDIDATE,DEV,fallback,48,96862700
CANDIDATE,DEV,fallback,49,102694300
CANDIDATE,DEV,fallback,50,82448500
CANDIDATE,DEV,fallback,51,87548200
CANDIDATE,DEV,fallback,52,14313200
CANDIDATE,DEV,fallback,53,81990800
CANDIDATE,DEV,fallback,54,82726500
CANDIDATE,DEV,fallback,55,80738700
CANDIDATE,DEV,fallback,56,14867300
CANDIDATE,DEV,fallback,57,78679100
CANDIDATE,DEV,fallback,58,84575600
CANDIDATE,DEV,fallback,59,80542700
CANDIDATE,DEV,fallback,60,80477200
CANDIDATE,DEV,fallback,61,244411400
CANDIDATE,DEV,fallback,62,249742500
CANDIDATE,DEV,fallback,63,263475500
CANDIDATE,DEV,fallback,64,282757800
CANDIDATE,DEV,fallback,65,253793500
CANDIDATE,DEV,fallback,66,278616600
CANDIDATE,DEV,fallback,67,246012500
CANDIDATE,DEV,fallback,68,259074900
CANDIDATE,DEV,fallback,69,240884400
CANDIDATE,DEV,fallback,70,272502900
CANDIDATE,DEV,fallback,71,275000800
CANDIDATE,DEV,fallback,72,263654400
CANDIDATE,DEV,fallback,73,254059400
CANDIDATE,DEV,fallback,74,266588600
CANDIDATE,DEV,fallback,75,246916200
CANDIDATE,DEV,fallback,76,251553600
CANDIDATE,DEV,fallback,77,253311400
CANDIDATE,DEV,fallback,78,298795400
CANDIDATE,DEV,fallback,79,280135400
CANDIDATE,DEV,fallback,80,240342600
CANDIDATE,DEV,fallback,81,255414700
CANDIDATE,DEV,fallback,82,255874900
CANDIDATE,DEV,fallback,83,262454000
CANDIDATE,DEV,fallback,84,249485500
CANDIDATE,DEV,fallback,85,279572600
CANDIDATE,DEV,fallback,86,288669600
CANDIDATE,DEV,fallback,87,256385100
CANDIDATE,DEV,fallback,88,256877500
CANDIDATE,DEV,fallback,89,257465400
CANDIDATE,DEV,fallback,90,254656400
CANDIDATE,DEV,fallback,91,261548900
CANDIDATE,DEV,fallback,92,247031400
CANDIDATE,DEV,fallback,93,256281000
CANDIDATE,DEV,fallback,94,253168100
CANDIDATE,DEV,fallback,95,259314900
CANDIDATE,DEV,fallback,96,304665100
CANDIDATE,DEV,fallback,97,170363700
CANDIDATE,DEV,fallback,98,310036500
CANDIDATE,DEV,fallback,99,154791400
CANDIDATE,DEV,fallback,100,335948100
CANDIDATE,DEV,fallback,101,242441800
CANDIDATE,DEV,fallback,102,259698100
CANDIDATE,DEV,fallback,103,172130100
CANDIDATE,DEV,fallback,104,165885700
CANDIDATE,DEV,fallback,105,233137800
CANDIDATE,DEV,fallback,106,172171300
CANDIDATE,DEV,fallback,107,342500200
CANDIDATE,DEV,fallback,108,207078600
CANDIDATE,DEV,fallback,109,242121000
CANDIDATE,DEV,fallback,110,318930300
CANDIDATE,DEV,fallback,111,373547900
CANDIDATE,DEV,fallback,112,295635100
CANDIDATE,DEV,fallback,113,149388500
CANDIDATE,DEV,fallback,114,171461400
CANDIDATE,DEV,fallback,115,245804600
CANDIDATE,DEV,fallback,116,355949500
CANDIDATE,DEV,fallback,117,326408600
CANDIDATE,DEV,fallback,118,394549000
CANDIDATE,DEV,fallback,119,355952700
CANDIDATE,DEV,fallback,120,241306300
CANDIDATE,DEV,fallback,121,248185400
CANDIDATE,DEV,fallback,122,200846900
CANDIDATE,DEV,fallback,123,345107400
CANDIDATE,DEV,fallback,124,174561000
CANDIDATE,DEV,fallback,125,410052800
CANDIDATE,DEV,fallback,126,367944500
CANDIDATE,DEV,fallback,127,323477200
CANDIDATE,DEV,fallback,128,206330200
CANDIDATE,DEV,fallback,129,298255900
CANDIDATE,DEV,fallback,130,247474300
CANDIDATE,DEV,fallback,131,176619200
CANDIDATE,DEV,fallback,132,383667600
CANDIDATE,DEV,fallback,133,166561600
CANDIDATE,DEV,fallback,134,328893700
CANDIDATE,DEV,fallback,135,360785000
CANDIDATE,DEV,fallback,136,171924800
CANDIDATE,DEV,fallback,137,311662500
CANDIDATE,DEV,fallback,138,321888500
CANDIDATE,DEV,fallback,139,364636800
CANDIDATE,DEV,fallback,140,324938200
CANDIDATE,DEV,fallback,141,353191400
CANDIDATE,DEV,fallback,142,147998800
CANDIDATE,DEV,fallback,143,322822400
CANDIDATE,DEV,fallback,144,232674100
CANDIDATE,DEV,fallback,145,414496900
CANDIDATE,DEV,fallback,146,356632000
CANDIDATE,DEV,fallback,147,177137100
CANDIDATE,DEV,fallback,148,285377000
CANDIDATE,DEV,fallback,149,348806700
CANDIDATE,DEV,fallback,150,333527300
CANDIDATE,DEV,fallback,151,360134800
CANDIDATE,DEV,fallback,152,392029200
CANDIDATE,DEV,fallback,153,334458800
CANDIDATE,DEV,fallback,154,157850200
CANDIDATE,DEV,fallback,155,307764300
CANDIDATE,DEV,fallback,156,207332300
CANDIDATE,DEV,fallback,157,328533300
CANDIDATE,DEV,fallback,158,411781400
CANDIDATE,DEV,fallback,159,199331300
CANDIDATE,DEV,fallback,160,348301400
CANDIDATE,DEV,fallback,161,344165000
CANDIDATE,DEV,fallback,162,298354100
CANDIDATE,DEV,fallback,163,355346500
CANDIDATE,DEV,fallback,164,385970800
CANDIDATE,DEV,fallback,165,353753500
CANDIDATE,DEV,fallback,166,171195400
CANDIDATE,DEV,fallback,167,357814400
CANDIDATE,DEV,fallback,168,240411100
CANDIDATE,DEV,fallback,169,329219700
CANDIDATE,DEV,fallback,170,290840000
CANDIDATE,DEV,fallback,171,373883000
CANDIDATE,DEV,fallback,172,214167700
CANDIDATE,DEV,fallback,173,336679000
CANDIDATE,DEV,fallback,174,337147200
CANDIDATE,DEV,fallback,175,259280900
CANDIDATE,DEV,fallback,176,214040000
CANDIDATE,DEV,fallback,177,238929900
CANDIDATE,DEV,fallback,178,359514000
CANDIDATE,DEV,fallback,179,206057500
CANDIDATE,DEV,fallback,180,268735400
CANDIDATE,DEV,fallback,181,407978800
CANDIDATE,DEV,fallback,182,214316300
CANDIDATE,DEV,fallback,183,397170200
CANDIDATE,DEV,fallback,184,257155300
CANDIDATE,DEV,fallback,185,435781200
CANDIDATE,DEV,fallback,186,411942800
CANDIDATE,DEV,fallback,187,369575700
CANDIDATE,DEV,fallback,188,366348800
CANDIDATE,DEV,fallback,189,423119600
CANDIDATE,DEV,fallback,190,391553000
CANDIDATE,DEV,fallback,191,270665100
CANDIDATE,DEV,fallback,192,232857500
CANDIDATE,DEV,fallback,193,386463100
CANDIDATE,DEV,fallback,194,481472100
CANDIDATE,DEV,fallback,195,377771600
CANDIDATE,DEV,fallback,196,383989500
CANDIDATE,DEV,fallback,197,378283800
CANDIDATE,DEV,fallback,198,365479900
CANDIDATE,DEV,fallback,199,412508800
CANDIDATE,DEV,fallback,200,394045200
CANDIDATE,DEV,fallback,201,107399900
CANDIDATE,DEV,fallback,202,108834900
CANDIDATE,DEV,fallback,203,106023200
CANDIDATE,DEV,fallback,204,106822700
CANDIDATE,DEV,fallback,205,103992400
CANDIDATE,DEV,fallback,206,107698700
CANDIDATE,DEV,fallback,207,110674400
CANDIDATE,DEV,fallback,208,113068000
CANDIDATE,DEV,fallback,209,101768900
CANDIDATE,DEV,fallback,210,105354000
CANDIDATE,DEV,fallback,211,105771600
CANDIDATE,DEV,fallback,212,104692500
CANDIDATE,DEV,fallback,213,109861700
CANDIDATE,DEV,fallback,214,105850100
CANDIDATE,DEV,fallback,215,117357500
CANDIDATE,DEV,fallback,216,125122300
CANDIDATE,DEV,fallback,217,124778700
CANDIDATE,DEV,fallback,218,110705400
CANDIDATE,DEV,fallback,219,105848800
CANDIDATE,DEV,fallback,220,111382000
CANDIDATE,DEV,fallback,221,106051900
CANDIDATE,DEV,fallback,222,114397700
CANDIDATE,DEV,fallback,223,108227100
CANDIDATE,DEV,fallback,224,110343300
CANDIDATE,DEV,fallback,225,112883800
CANDIDATE,DEV,fallback,226,115974100
CANDIDATE,DEV,fallback,227,105795400
CANDIDATE,DEV,fallback,228,106128500
CANDIDATE,DEV,fallback,229,106497600
CANDIDATE,DEV,fallback,230,109456000
CANDIDATE,DEV,fallback,231,113439000
CANDIDATE,DEV,fallback,232,119483600
CANDIDATE,DEV,fallback,233,105506400
CANDIDATE,DEV,fallback,234,109515700
CANDIDATE,DEV,fallback,235,114365700
CANDIDATE,DEV,fallback,236,129281400
CANDIDATE,DEV,fallback,237,133768900
CANDIDATE,DEV,fallback,238,125233200
CANDIDATE,DEV,fallback,239,115297500
CANDIDATE,DEV,fallback,240,106924300
CANDIDATE,VAL,fts5,1,42371300
CANDIDATE,VAL,fts5,2,162093800
CANDIDATE,VAL,fts5,3,170017100
CANDIDATE,VAL,fts5,4,37484400
CANDIDATE,VAL,fts5,5,152023500
CANDIDATE,VAL,fts5,6,137215600
CANDIDATE,VAL,fts5,7,34820200
CANDIDATE,VAL,fts5,8,153991400
CANDIDATE,VAL,fts5,9,150886800
CANDIDATE,VAL,fts5,10,35511900
CANDIDATE,VAL,fts5,11,148174200
CANDIDATE,VAL,fts5,12,139418800
CANDIDATE,VAL,fts5,13,35231900
CANDIDATE,VAL,fts5,14,144116400
CANDIDATE,VAL,fts5,15,157145200
CANDIDATE,VAL,fts5,16,35636300
CANDIDATE,VAL,fts5,17,158331200
CANDIDATE,VAL,fts5,18,145641700
CANDIDATE,VAL,fts5,19,39100500
CANDIDATE,VAL,fts5,20,148794700
CANDIDATE,VAL,fts5,21,151466400
CANDIDATE,VAL,fts5,22,38277300
CANDIDATE,VAL,fts5,23,151199200
CANDIDATE,VAL,fts5,24,151367400
CANDIDATE,VAL,fts5,25,136393000
CANDIDATE,VAL,fts5,26,122153300
CANDIDATE,VAL,fts5,27,126708000
CANDIDATE,VAL,fts5,28,21183500
CANDIDATE,VAL,fts5,29,125937000
CANDIDATE,VAL,fts5,30,126846000
CANDIDATE,VAL,fts5,31,123572800
CANDIDATE,VAL,fts5,32,16866800
CANDIDATE,VAL,fts5,33,121771800
CANDIDATE,VAL,fts5,34,142293300
CANDIDATE,VAL,fts5,35,130748200
CANDIDATE,VAL,fts5,36,128649000
CANDIDATE,VAL,fts5,37,127307200
CANDIDATE,VAL,fts5,38,126640900
CANDIDATE,VAL,fts5,39,127455500
CANDIDATE,VAL,fts5,40,25398600
CANDIDATE,VAL,fts5,41,146519700
CANDIDATE,VAL,fts5,42,185408800
CANDIDATE,VAL,fts5,43,155634200
CANDIDATE,VAL,fts5,44,20806600
CANDIDATE,VAL,fts5,45,192165400
CANDIDATE,VAL,fts5,46,150259600
CANDIDATE,VAL,fts5,47,128604700
CANDIDATE,VAL,fts5,48,141955700
CANDIDATE,VAL,fts5,49,175969700
CANDIDATE,VAL,fts5,50,159852200
CANDIDATE,VAL,fts5,51,156848200
CANDIDATE,VAL,fts5,52,17055200
CANDIDATE,VAL,fts5,53,130391500
CANDIDATE,VAL,fts5,54,204914300
CANDIDATE,VAL,fts5,55,156027300
CANDIDATE,VAL,fts5,56,23577200
CANDIDATE,VAL,fts5,57,166273200
CANDIDATE,VAL,fts5,58,156909800
CANDIDATE,VAL,fts5,59,123877100
CANDIDATE,VAL,fts5,60,148723700
CANDIDATE,VAL,fts5,61,398109600
CANDIDATE,VAL,fts5,62,410112100
CANDIDATE,VAL,fts5,63,423152300
CANDIDATE,VAL,fts5,64,403296700
CANDIDATE,VAL,fts5,65,391720400
CANDIDATE,VAL,fts5,66,413727600
CANDIDATE,VAL,fts5,67,413616800
CANDIDATE,VAL,fts5,68,439232400
CANDIDATE,VAL,fts5,69,417065400
CANDIDATE,VAL,fts5,70,416611800
CANDIDATE,VAL,fts5,71,410404100
CANDIDATE,VAL,fts5,72,414116200
CANDIDATE,VAL,fts5,73,471198200
CANDIDATE,VAL,fts5,74,449389300
CANDIDATE,VAL,fts5,75,457883600
CANDIDATE,VAL,fts5,76,439161900
CANDIDATE,VAL,fts5,77,410311300
CANDIDATE,VAL,fts5,78,441429700
CANDIDATE,VAL,fts5,79,431092400
CANDIDATE,VAL,fts5,80,387417300
CANDIDATE,VAL,fts5,81,416884100
CANDIDATE,VAL,fts5,82,443370800
CANDIDATE,VAL,fts5,83,489550700
CANDIDATE,VAL,fts5,84,430085800
CANDIDATE,VAL,fts5,85,453273300
CANDIDATE,VAL,fts5,86,388520200
CANDIDATE,VAL,fts5,87,417524200
CANDIDATE,VAL,fts5,88,403893500
CANDIDATE,VAL,fts5,89,420181600
CANDIDATE,VAL,fts5,90,408137700
CANDIDATE,VAL,fts5,91,414452900
CANDIDATE,VAL,fts5,92,480995100
CANDIDATE,VAL,fts5,93,571703000
CANDIDATE,VAL,fts5,94,497963700
CANDIDATE,VAL,fts5,95,482765800
CANDIDATE,VAL,fts5,96,413319500
CANDIDATE,VAL,fts5,97,240150800
CANDIDATE,VAL,fts5,98,485061800
CANDIDATE,VAL,fts5,99,230295700
CANDIDATE,VAL,fts5,100,544175800
CANDIDATE,VAL,fts5,101,461913100
CANDIDATE,VAL,fts5,102,492721000
CANDIDATE,VAL,fts5,103,305290900
CANDIDATE,VAL,fts5,104,266052000
CANDIDATE,VAL,fts5,105,382799500
CANDIDATE,VAL,fts5,106,269951000
CANDIDATE,VAL,fts5,107,664141400
CANDIDATE,VAL,fts5,108,400203700
CANDIDATE,VAL,fts5,109,483173100
CANDIDATE,VAL,fts5,110,644111100
CANDIDATE,VAL,fts5,111,655116700
CANDIDATE,VAL,fts5,112,484061400
CANDIDATE,VAL,fts5,113,278732900
CANDIDATE,VAL,fts5,114,331041300
CANDIDATE,VAL,fts5,115,453784200
CANDIDATE,VAL,fts5,116,612932100
CANDIDATE,VAL,fts5,117,591689600
CANDIDATE,VAL,fts5,118,584651500
CANDIDATE,VAL,fts5,119,531406600
CANDIDATE,VAL,fts5,120,416554100
CANDIDATE,VAL,fts5,121,407600700
CANDIDATE,VAL,fts5,122,334142300
CANDIDATE,VAL,fts5,123,556821500
CANDIDATE,VAL,fts5,124,298208800
CANDIDATE,VAL,fts5,125,582956000
CANDIDATE,VAL,fts5,126,597544500
CANDIDATE,VAL,fts5,127,522961200
CANDIDATE,VAL,fts5,128,386461100
CANDIDATE,VAL,fts5,129,495513000
CANDIDATE,VAL,fts5,130,416118100
CANDIDATE,VAL,fts5,131,285869200
CANDIDATE,VAL,fts5,132,564981700
CANDIDATE,VAL,fts5,133,222086900
CANDIDATE,VAL,fts5,134,542470200
CANDIDATE,VAL,fts5,135,582954700
CANDIDATE,VAL,fts5,136,278179400
CANDIDATE,VAL,fts5,137,525241600
CANDIDATE,VAL,fts5,138,505825600
CANDIDATE,VAL,fts5,139,555717300
CANDIDATE,VAL,fts5,140,599339600
CANDIDATE,VAL,fts5,141,530024100
CANDIDATE,VAL,fts5,142,232798300
CANDIDATE,VAL,fts5,143,555902300
CANDIDATE,VAL,fts5,144,381798200
CANDIDATE,VAL,fts5,145,621448800
CANDIDATE,VAL,fts5,146,626267200
CANDIDATE,VAL,fts5,147,309495900
CANDIDATE,VAL,fts5,148,510383100
CANDIDATE,VAL,fts5,149,604827000
CANDIDATE,VAL,fts5,150,606932300
CANDIDATE,VAL,fts5,151,572693700
CANDIDATE,VAL,fts5,152,545103000
CANDIDATE,VAL,fts5,153,546845700
CANDIDATE,VAL,fts5,154,249756700
CANDIDATE,VAL,fts5,155,503280400
CANDIDATE,VAL,fts5,156,336825800
CANDIDATE,VAL,fts5,157,570826500
CANDIDATE,VAL,fts5,158,598099000
CANDIDATE,VAL,fts5,159,284691500
CANDIDATE,VAL,fts5,160,606249300
CANDIDATE,VAL,fts5,161,573375700
CANDIDATE,VAL,fts5,162,516482400
CANDIDATE,VAL,fts5,163,588162800
CANDIDATE,VAL,fts5,164,567425600
CANDIDATE,VAL,fts5,165,569221900
CANDIDATE,VAL,fts5,166,236564600
CANDIDATE,VAL,fts5,167,569060700
CANDIDATE,VAL,fts5,168,406223600
CANDIDATE,VAL,fts5,169,519529800
CANDIDATE,VAL,fts5,170,424778100
CANDIDATE,VAL,fts5,171,620241300
CANDIDATE,VAL,fts5,172,356290700
CANDIDATE,VAL,fts5,173,543781600
CANDIDATE,VAL,fts5,174,547706900
CANDIDATE,VAL,fts5,175,413367300
CANDIDATE,VAL,fts5,176,340120400
CANDIDATE,VAL,fts5,177,408288400
CANDIDATE,VAL,fts5,178,599831100
CANDIDATE,VAL,fts5,179,348626300
CANDIDATE,VAL,fts5,180,416582900
CANDIDATE,VAL,fts5,181,660170200
CANDIDATE,VAL,fts5,182,354768700
CANDIDATE,VAL,fts5,183,670603800
CANDIDATE,VAL,fts5,184,383421400
CANDIDATE,VAL,fts5,185,701153600
CANDIDATE,VAL,fts5,186,699498900
CANDIDATE,VAL,fts5,187,588448600
CANDIDATE,VAL,fts5,188,586488200
CANDIDATE,VAL,fts5,189,629707400
CANDIDATE,VAL,fts5,190,650082800
CANDIDATE,VAL,fts5,191,453570300
CANDIDATE,VAL,fts5,192,389165200
CANDIDATE,VAL,fts5,193,741742500
CANDIDATE,VAL,fts5,194,841052600
CANDIDATE,VAL,fts5,195,699350600
CANDIDATE,VAL,fts5,196,653613500
CANDIDATE,VAL,fts5,197,593392800
CANDIDATE,VAL,fts5,198,579980100
CANDIDATE,VAL,fts5,199,675666900
CANDIDATE,VAL,fts5,200,554924100
CANDIDATE,VAL,fts5,201,179766300
CANDIDATE,VAL,fts5,202,189386900
CANDIDATE,VAL,fts5,203,191222500
CANDIDATE,VAL,fts5,204,192442700
CANDIDATE,VAL,fts5,205,177278900
CANDIDATE,VAL,fts5,206,200996100
CANDIDATE,VAL,fts5,207,201637100
CANDIDATE,VAL,fts5,208,185890700
CANDIDATE,VAL,fts5,209,172489200
CANDIDATE,VAL,fts5,210,173383500
CANDIDATE,VAL,fts5,211,185402400
CANDIDATE,VAL,fts5,212,174102700
CANDIDATE,VAL,fts5,213,197735000
CANDIDATE,VAL,fts5,214,196887000
CANDIDATE,VAL,fts5,215,185247500
CANDIDATE,VAL,fts5,216,196702000
CANDIDATE,VAL,fts5,217,188861300
CANDIDATE,VAL,fts5,218,190421300
CANDIDATE,VAL,fts5,219,189323300
CANDIDATE,VAL,fts5,220,172161400
CANDIDATE,VAL,fts5,221,177545900
CANDIDATE,VAL,fts5,222,189390300
CANDIDATE,VAL,fts5,223,174155000
CANDIDATE,VAL,fts5,224,182626200
CANDIDATE,VAL,fts5,225,178400500
CANDIDATE,VAL,fts5,226,173227000
CANDIDATE,VAL,fts5,227,179849400
CANDIDATE,VAL,fts5,228,167778000
CANDIDATE,VAL,fts5,229,187138800
CANDIDATE,VAL,fts5,230,181861400
CANDIDATE,VAL,fts5,231,200601800
CANDIDATE,VAL,fts5,232,170986100
CANDIDATE,VAL,fts5,233,165574800
CANDIDATE,VAL,fts5,234,172510800
CANDIDATE,VAL,fts5,235,163469400
CANDIDATE,VAL,fts5,236,188529500
CANDIDATE,VAL,fts5,237,202126200
CANDIDATE,VAL,fts5,238,182355300
CANDIDATE,VAL,fts5,239,180283100
CANDIDATE,VAL,fts5,240,177024100
CANDIDATE,VAL,fallback,1,46386600
CANDIDATE,VAL,fallback,2,152170800
CANDIDATE,VAL,fallback,3,145826100
CANDIDATE,VAL,fallback,4,46321600
CANDIDATE,VAL,fallback,5,148933900
CANDIDATE,VAL,fallback,6,141236000
CANDIDATE,VAL,fallback,7,43168200
CANDIDATE,VAL,fallback,8,154038700
CANDIDATE,VAL,fallback,9,161019700
CANDIDATE,VAL,fallback,10,37494200
CANDIDATE,VAL,fallback,11,166011400
CANDIDATE,VAL,fallback,12,148446900
CANDIDATE,VAL,fallback,13,40572900
CANDIDATE,VAL,fallback,14,168331400
CANDIDATE,VAL,fallback,15,162408400
CANDIDATE,VAL,fallback,16,40445400
CANDIDATE,VAL,fallback,17,178937500
CANDIDATE,VAL,fallback,18,162667000
CANDIDATE,VAL,fallback,19,49760000
CANDIDATE,VAL,fallback,20,170194900
CANDIDATE,VAL,fallback,21,159647800
CANDIDATE,VAL,fallback,22,40072500
CANDIDATE,VAL,fallback,23,155700900
CANDIDATE,VAL,fallback,24,175968600
CANDIDATE,VAL,fallback,25,141475000
CANDIDATE,VAL,fallback,26,137673600
CANDIDATE,VAL,fallback,27,122157900
CANDIDATE,VAL,fallback,28,25888700
CANDIDATE,VAL,fallback,29,132570400
CANDIDATE,VAL,fallback,30,122913900
CANDIDATE,VAL,fallback,31,132439600
CANDIDATE,VAL,fallback,32,27619500
CANDIDATE,VAL,fallback,33,130561000
CANDIDATE,VAL,fallback,34,128386800
CANDIDATE,VAL,fallback,35,134703500
CANDIDATE,VAL,fallback,36,128696600
CANDIDATE,VAL,fallback,37,135510300
CANDIDATE,VAL,fallback,38,141464500
CANDIDATE,VAL,fallback,39,147848100
CANDIDATE,VAL,fallback,40,23411400
CANDIDATE,VAL,fallback,41,135363900
CANDIDATE,VAL,fallback,42,131560900
CANDIDATE,VAL,fallback,43,120553800
CANDIDATE,VAL,fallback,44,24159200
CANDIDATE,VAL,fallback,45,130703500
CANDIDATE,VAL,fallback,46,132345800
CANDIDATE,VAL,fallback,47,154221700
CANDIDATE,VAL,fallback,48,171331500
CANDIDATE,VAL,fallback,49,122095200
CANDIDATE,VAL,fallback,50,180795100
CANDIDATE,VAL,fallback,51,191051300
CANDIDATE,VAL,fallback,52,23308500
CANDIDATE,VAL,fallback,53,164998800
CANDIDATE,VAL,fallback,54,162634700
CANDIDATE,VAL,fallback,55,186083700
CANDIDATE,VAL,fallback,56,39138900
CANDIDATE,VAL,fallback,57,158078300
CANDIDATE,VAL,fallback,58,168567400
CANDIDATE,VAL,fallback,59,128372600
CANDIDATE,VAL,fallback,60,123585500
CANDIDATE,VAL,fallback,61,419146900
CANDIDATE,VAL,fallback,62,429443500
CANDIDATE,VAL,fallback,63,446834100
CANDIDATE,VAL,fallback,64,405154400
CANDIDATE,VAL,fallback,65,416403600
CANDIDATE,VAL,fallback,66,410328200
CANDIDATE,VAL,fallback,67,428238700
CANDIDATE,VAL,fallback,68,427165200
CANDIDATE,VAL,fallback,69,405529600
CANDIDATE,VAL,fallback,70,419771200
CANDIDATE,VAL,fallback,71,448724500
CANDIDATE,VAL,fallback,72,424939300
CANDIDATE,VAL,fallback,73,419426600
CANDIDATE,VAL,fallback,74,449560200
CANDIDATE,VAL,fallback,75,447773000
CANDIDATE,VAL,fallback,76,444247100
CANDIDATE,VAL,fallback,77,427849900
CANDIDATE,VAL,fallback,78,458730000
CANDIDATE,VAL,fallback,79,548628300
CANDIDATE,VAL,fallback,80,447265400
CANDIDATE,VAL,fallback,81,418513900
CANDIDATE,VAL,fallback,82,410433900
CANDIDATE,VAL,fallback,83,442352400
CANDIDATE,VAL,fallback,84,434392200
CANDIDATE,VAL,fallback,85,431879300
CANDIDATE,VAL,fallback,86,424178800
CANDIDATE,VAL,fallback,87,421992900
CANDIDATE,VAL,fallback,88,418631600
CANDIDATE,VAL,fallback,89,427060300
CANDIDATE,VAL,fallback,90,423384400
CANDIDATE,VAL,fallback,91,399958200
CANDIDATE,VAL,fallback,92,425536800
CANDIDATE,VAL,fallback,93,420110100
CANDIDATE,VAL,fallback,94,427290400
CANDIDATE,VAL,fallback,95,453754700
CANDIDATE,VAL,fallback,96,466784600
CANDIDATE,VAL,fallback,97,260825600
CANDIDATE,VAL,fallback,98,549543600
CANDIDATE,VAL,fallback,99,256257800
CANDIDATE,VAL,fallback,100,539912400
CANDIDATE,VAL,fallback,101,416842000
CANDIDATE,VAL,fallback,102,427402700
CANDIDATE,VAL,fallback,103,302703500
CANDIDATE,VAL,fallback,104,268516500
CANDIDATE,VAL,fallback,105,330232700
CANDIDATE,VAL,fallback,106,282231500
CANDIDATE,VAL,fallback,107,560859900
CANDIDATE,VAL,fallback,108,344947800
CANDIDATE,VAL,fallback,109,378959400
CANDIDATE,VAL,fallback,110,578002700
CANDIDATE,VAL,fallback,111,562380500
CANDIDATE,VAL,fallback,112,436473600
CANDIDATE,VAL,fallback,113,261842400
CANDIDATE,VAL,fallback,114,277734300
CANDIDATE,VAL,fallback,115,390935500
CANDIDATE,VAL,fallback,116,750521000
CANDIDATE,VAL,fallback,117,645717700
CANDIDATE,VAL,fallback,118,671712600
CANDIDATE,VAL,fallback,119,606375700
CANDIDATE,VAL,fallback,120,446961900
CANDIDATE,VAL,fallback,121,455242800
CANDIDATE,VAL,fallback,122,380497000
CANDIDATE,VAL,fallback,123,580379900
CANDIDATE,VAL,fallback,124,280374400
CANDIDATE,VAL,fallback,125,592476500
CANDIDATE,VAL,fallback,126,594112400
CANDIDATE,VAL,fallback,127,503723800
CANDIDATE,VAL,fallback,128,358267500
CANDIDATE,VAL,fallback,129,471973800
CANDIDATE,VAL,fallback,130,461095500
CANDIDATE,VAL,fallback,131,317473600
CANDIDATE,VAL,fallback,132,609030100
CANDIDATE,VAL,fallback,133,245017500
CANDIDATE,VAL,fallback,134,514692700
CANDIDATE,VAL,fallback,135,601753200
CANDIDATE,VAL,fallback,136,289143200
CANDIDATE,VAL,fallback,137,532363400
CANDIDATE,VAL,fallback,138,492863400
CANDIDATE,VAL,fallback,139,550591500
CANDIDATE,VAL,fallback,140,537771000
CANDIDATE,VAL,fallback,141,573937100
CANDIDATE,VAL,fallback,142,278126900
CANDIDATE,VAL,fallback,143,564592000
CANDIDATE,VAL,fallback,144,406922700
CANDIDATE,VAL,fallback,145,623455900
CANDIDATE,VAL,fallback,146,564916200
CANDIDATE,VAL,fallback,147,292754200
CANDIDATE,VAL,fallback,148,451236900
CANDIDATE,VAL,fallback,149,521756100
CANDIDATE,VAL,fallback,150,549447600
CANDIDATE,VAL,fallback,151,573063900
CANDIDATE,VAL,fallback,152,570024100
CANDIDATE,VAL,fallback,153,560901400
CANDIDATE,VAL,fallback,154,272328600
CANDIDATE,VAL,fallback,155,527560200
CANDIDATE,VAL,fallback,156,391624300
CANDIDATE,VAL,fallback,157,594602000
CANDIDATE,VAL,fallback,158,607988600
CANDIDATE,VAL,fallback,159,302769000
CANDIDATE,VAL,fallback,160,586301500
CANDIDATE,VAL,fallback,161,589886100
CANDIDATE,VAL,fallback,162,532330900
CANDIDATE,VAL,fallback,163,622061000
CANDIDATE,VAL,fallback,164,701274100
CANDIDATE,VAL,fallback,165,622367600
CANDIDATE,VAL,fallback,166,310448500
CANDIDATE,VAL,fallback,167,624674900
CANDIDATE,VAL,fallback,168,380841300
CANDIDATE,VAL,fallback,169,530168400
CANDIDATE,VAL,fallback,170,445006000
CANDIDATE,VAL,fallback,171,617428500
CANDIDATE,VAL,fallback,172,345698100
CANDIDATE,VAL,fallback,173,578927500
CANDIDATE,VAL,fallback,174,595881000
CANDIDATE,VAL,fallback,175,474068700
CANDIDATE,VAL,fallback,176,380844300
CANDIDATE,VAL,fallback,177,344995600
CANDIDATE,VAL,fallback,178,547195400
CANDIDATE,VAL,fallback,179,323866800
CANDIDATE,VAL,fallback,180,398825400
CANDIDATE,VAL,fallback,181,631489300
CANDIDATE,VAL,fallback,182,339798500
CANDIDATE,VAL,fallback,183,641672500
CANDIDATE,VAL,fallback,184,357199900
CANDIDATE,VAL,fallback,185,739849600
CANDIDATE,VAL,fallback,186,683069900
CANDIDATE,VAL,fallback,187,604834900
CANDIDATE,VAL,fallback,188,612820800
CANDIDATE,VAL,fallback,189,660749900
CANDIDATE,VAL,fallback,190,640504400
CANDIDATE,VAL,fallback,191,460837600
CANDIDATE,VAL,fallback,192,386873900
CANDIDATE,VAL,fallback,193,648120700
CANDIDATE,VAL,fallback,194,767956400
CANDIDATE,VAL,fallback,195,668869900
CANDIDATE,VAL,fallback,196,641223600
CANDIDATE,VAL,fallback,197,590461400
CANDIDATE,VAL,fallback,198,643667900
CANDIDATE,VAL,fallback,199,663725100
CANDIDATE,VAL,fallback,200,594870000
CANDIDATE,VAL,fallback,201,182077600
CANDIDATE,VAL,fallback,202,185144100
CANDIDATE,VAL,fallback,203,183235200
CANDIDATE,VAL,fallback,204,172458300
CANDIDATE,VAL,fallback,205,176168800
CANDIDATE,VAL,fallback,206,176903500
CANDIDATE,VAL,fallback,207,193998700
CANDIDATE,VAL,fallback,208,203766000
CANDIDATE,VAL,fallback,209,167648700
CANDIDATE,VAL,fallback,210,173677100
CANDIDATE,VAL,fallback,211,180223800
CANDIDATE,VAL,fallback,212,177577000
CANDIDATE,VAL,fallback,213,173558100
CANDIDATE,VAL,fallback,214,169090600
CANDIDATE,VAL,fallback,215,191303700
CANDIDATE,VAL,fallback,216,192436200
CANDIDATE,VAL,fallback,217,182262800
CANDIDATE,VAL,fallback,218,193237600
CANDIDATE,VAL,fallback,219,174388300
CANDIDATE,VAL,fallback,220,194737100
CANDIDATE,VAL,fallback,221,172778700
CANDIDATE,VAL,fallback,222,185943400
CANDIDATE,VAL,fallback,223,180398100
CANDIDATE,VAL,fallback,224,207368700
CANDIDATE,VAL,fallback,225,252968700
CANDIDATE,VAL,fallback,226,208922100
CANDIDATE,VAL,fallback,227,227425200
CANDIDATE,VAL,fallback,228,211560400
CANDIDATE,VAL,fallback,229,225866000
CANDIDATE,VAL,fallback,230,209326600
CANDIDATE,VAL,fallback,231,216345700
CANDIDATE,VAL,fallback,232,239236200
CANDIDATE,VAL,fallback,233,235362900
CANDIDATE,VAL,fallback,234,226079000
CANDIDATE,VAL,fallback,235,193356800
CANDIDATE,VAL,fallback,236,193421700
CANDIDATE,VAL,fallback,237,183851900
CANDIDATE,VAL,fallback,238,180842600
CANDIDATE,VAL,fallback,239,189100700
CANDIDATE,VAL,fallback,240,168668300
QOS_default-1,VAL,fts5,1,40812700
QOS_default-1,VAL,fts5,2,153000500
QOS_default-1,VAL,fts5,3,138464600
QOS_default-1,VAL,fts5,4,37495700
QOS_default-1,VAL,fts5,5,149163600
QOS_default-1,VAL,fts5,6,145927000
QOS_default-1,VAL,fts5,7,42678900
QOS_default-1,VAL,fts5,8,145673800
QOS_default-1,VAL,fts5,9,142333100
QOS_default-1,VAL,fts5,10,37810300
QOS_default-1,VAL,fts5,11,154927600
QOS_default-1,VAL,fts5,12,144059400
QOS_default-1,VAL,fts5,13,37552100
QOS_default-1,VAL,fts5,14,151190500
QOS_default-1,VAL,fts5,15,148287500
QOS_default-1,VAL,fts5,16,39324300
QOS_default-1,VAL,fts5,17,144286200
QOS_default-1,VAL,fts5,18,148629800
QOS_default-1,VAL,fts5,19,37522300
QOS_default-1,VAL,fts5,20,144473900
QOS_default-1,VAL,fts5,21,158945700
QOS_default-1,VAL,fts5,22,38763000
QOS_default-1,VAL,fts5,23,145690400
QOS_default-1,VAL,fts5,24,137851000
QOS_default-1,VAL,fts5,25,118861100
QOS_default-1,VAL,fts5,26,131376600
QOS_default-1,VAL,fts5,27,126409700
QOS_default-1,VAL,fts5,28,20308000
QOS_default-1,VAL,fts5,29,129283100
QOS_default-1,VAL,fts5,30,129570700
QOS_default-1,VAL,fts5,31,114911300
QOS_default-1,VAL,fts5,32,23732300
QOS_default-1,VAL,fts5,33,114820000
QOS_default-1,VAL,fts5,34,128151400
QOS_default-1,VAL,fts5,35,120576700
QOS_default-1,VAL,fts5,36,121995700
QOS_default-1,VAL,fts5,37,126416800
QOS_default-1,VAL,fts5,38,129708100
QOS_default-1,VAL,fts5,39,115761800
QOS_default-1,VAL,fts5,40,20811200
QOS_default-1,VAL,fts5,41,121072600
QOS_default-1,VAL,fts5,42,120909200
QOS_default-1,VAL,fts5,43,117020000
QOS_default-1,VAL,fts5,44,22019000
QOS_default-1,VAL,fts5,45,120241600
QOS_default-1,VAL,fts5,46,124948800
QOS_default-1,VAL,fts5,47,124248000
QOS_default-1,VAL,fts5,48,130565500
QOS_default-1,VAL,fts5,49,124134800
QOS_default-1,VAL,fts5,50,124089000
QOS_default-1,VAL,fts5,51,139477500
QOS_default-1,VAL,fts5,52,22135400
QOS_default-1,VAL,fts5,53,132877800
QOS_default-1,VAL,fts5,54,122084300
QOS_default-1,VAL,fts5,55,113701800
QOS_default-1,VAL,fts5,56,24213700
QOS_default-1,VAL,fts5,57,120757300
QOS_default-1,VAL,fts5,58,125382800
QOS_default-1,VAL,fts5,59,126559800
QOS_default-1,VAL,fts5,60,133520500
QOS_default-1,VAL,fts5,61,366799500
QOS_default-1,VAL,fts5,62,385631000
QOS_default-1,VAL,fts5,63,374639800
QOS_default-1,VAL,fts5,64,373264900
QOS_default-1,VAL,fts5,65,365509700
QOS_default-1,VAL,fts5,66,371028100
QOS_default-1,VAL,fts5,67,382293600
QOS_default-1,VAL,fts5,68,400110500
QOS_default-1,VAL,fts5,69,421607300
QOS_default-1,VAL,fts5,70,392694700
QOS_default-1,VAL,fts5,71,371757500
QOS_default-1,VAL,fts5,72,392905800
QOS_default-1,VAL,fts5,73,384219500
QOS_default-1,VAL,fts5,74,391089100
QOS_default-1,VAL,fts5,75,388748200
QOS_default-1,VAL,fts5,76,373041400
QOS_default-1,VAL,fts5,77,379027900
QOS_default-1,VAL,fts5,78,386729300
QOS_default-1,VAL,fts5,79,388855300
QOS_default-1,VAL,fts5,80,377822000
QOS_default-1,VAL,fts5,81,382133200
QOS_default-1,VAL,fts5,82,377445600
QOS_default-1,VAL,fts5,83,394324500
QOS_default-1,VAL,fts5,84,427134400
QOS_default-1,VAL,fts5,85,404525500
QOS_default-1,VAL,fts5,86,382821300
QOS_default-1,VAL,fts5,87,369992000
QOS_default-1,VAL,fts5,88,382214000
QOS_default-1,VAL,fts5,89,387320700
QOS_default-1,VAL,fts5,90,381883100
QOS_default-1,VAL,fts5,91,378469400
QOS_default-1,VAL,fts5,92,378017500
QOS_default-1,VAL,fts5,93,374142800
QOS_default-1,VAL,fts5,94,367764900
QOS_default-1,VAL,fts5,95,397184000
QOS_default-1,VAL,fts5,96,377235500
QOS_default-1,VAL,fts5,97,223326500
QOS_default-1,VAL,fts5,98,457400400
QOS_default-1,VAL,fts5,99,225547500
QOS_default-1,VAL,fts5,100,525711500
QOS_default-1,VAL,fts5,101,377728200
QOS_default-1,VAL,fts5,102,394352400
QOS_default-1,VAL,fts5,103,267825400
QOS_default-1,VAL,fts5,104,221745400
QOS_default-1,VAL,fts5,105,318123400
QOS_default-1,VAL,fts5,106,258061300
QOS_default-1,VAL,fts5,107,501351800
QOS_default-1,VAL,fts5,108,308348900
QOS_default-1,VAL,fts5,109,354971400
QOS_default-1,VAL,fts5,110,460493600
QOS_default-1,VAL,fts5,111,518961300
QOS_default-1,VAL,fts5,112,403357500
QOS_default-1,VAL,fts5,113,232705500
QOS_default-1,VAL,fts5,114,265687400
QOS_default-1,VAL,fts5,115,379237300
QOS_default-1,VAL,fts5,116,518530000
QOS_default-1,VAL,fts5,117,488593000
QOS_default-1,VAL,fts5,118,514544700
QOS_default-1,VAL,fts5,119,497928500
QOS_default-1,VAL,fts5,120,360545600
QOS_default-1,VAL,fts5,121,396317200
QOS_default-1,VAL,fts5,122,308168500
QOS_default-1,VAL,fts5,123,520379700
QOS_default-1,VAL,fts5,124,270330500
QOS_default-1,VAL,fts5,125,533571900
QOS_default-1,VAL,fts5,126,547738300
QOS_default-1,VAL,fts5,127,458403300
QOS_default-1,VAL,fts5,128,311759300
QOS_default-1,VAL,fts5,129,444806500
QOS_default-1,VAL,fts5,130,371114000
QOS_default-1,VAL,fts5,131,266434500
QOS_default-1,VAL,fts5,132,524321500
QOS_default-1,VAL,fts5,133,228528300
QOS_default-1,VAL,fts5,134,477564100
QOS_default-1,VAL,fts5,135,681416000
QOS_default-1,VAL,fts5,136,267408300
QOS_default-1,VAL,fts5,137,469393300
QOS_default-1,VAL,fts5,138,482910300
QOS_default-1,VAL,fts5,139,490921700
QOS_default-1,VAL,fts5,140,500355400
QOS_default-1,VAL,fts5,141,534723000
QOS_default-1,VAL,fts5,142,228796700
QOS_default-1,VAL,fts5,143,495405100
QOS_default-1,VAL,fts5,144,354074200
QOS_default-1,VAL,fts5,145,541685200
QOS_default-1,VAL,fts5,146,503656900
QOS_default-1,VAL,fts5,147,265219400
QOS_default-1,VAL,fts5,148,418762200
QOS_default-1,VAL,fts5,149,502761400
QOS_default-1,VAL,fts5,150,501395700
QOS_default-1,VAL,fts5,151,525489200
QOS_default-1,VAL,fts5,152,485513700
QOS_default-1,VAL,fts5,153,490505800
QOS_default-1,VAL,fts5,154,234711000
QOS_default-1,VAL,fts5,155,445005500
QOS_default-1,VAL,fts5,156,315180500
QOS_default-1,VAL,fts5,157,507769900
QOS_default-1,VAL,fts5,158,562656000
QOS_default-1,VAL,fts5,159,270096500
QOS_default-1,VAL,fts5,160,542755000
QOS_default-1,VAL,fts5,161,521430400
QOS_default-1,VAL,fts5,162,467296900
QOS_default-1,VAL,fts5,163,533349400
QOS_default-1,VAL,fts5,164,495460600
QOS_default-1,VAL,fts5,165,525760000
QOS_default-1,VAL,fts5,166,246416500
QOS_default-1,VAL,fts5,167,550848900
QOS_default-1,VAL,fts5,168,393801800
QOS_default-1,VAL,fts5,169,490766900
QOS_default-1,VAL,fts5,170,387190100
QOS_default-1,VAL,fts5,171,529851300
QOS_default-1,VAL,fts5,172,314570800
QOS_default-1,VAL,fts5,173,531704800
QOS_default-1,VAL,fts5,174,498472500
QOS_default-1,VAL,fts5,175,395779100
QOS_default-1,VAL,fts5,176,320506800
QOS_default-1,VAL,fts5,177,313836100
QOS_default-1,VAL,fts5,178,497787200
QOS_default-1,VAL,fts5,179,304473100
QOS_default-1,VAL,fts5,180,373966000
QOS_default-1,VAL,fts5,181,602987800
QOS_default-1,VAL,fts5,182,327884600
QOS_default-1,VAL,fts5,183,565519000
QOS_default-1,VAL,fts5,184,352130000
QOS_default-1,VAL,fts5,185,661629300
QOS_default-1,VAL,fts5,186,583873900
QOS_default-1,VAL,fts5,187,533255200
QOS_default-1,VAL,fts5,188,572259800
QOS_default-1,VAL,fts5,189,577598000
QOS_default-1,VAL,fts5,190,581861200
QOS_default-1,VAL,fts5,191,417309400
QOS_default-1,VAL,fts5,192,357092900
QOS_default-1,VAL,fts5,193,592893800
QOS_default-1,VAL,fts5,194,653105400
QOS_default-1,VAL,fts5,195,558194700
QOS_default-1,VAL,fts5,196,556137000
QOS_default-1,VAL,fts5,197,545857200
QOS_default-1,VAL,fts5,198,573574500
QOS_default-1,VAL,fts5,199,600593500
QOS_default-1,VAL,fts5,200,527644100
QOS_default-1,VAL,fts5,201,165241600
QOS_default-1,VAL,fts5,202,163057200
QOS_default-1,VAL,fts5,203,160409000
QOS_default-1,VAL,fts5,204,161926500
QOS_default-1,VAL,fts5,205,162745600
QOS_default-1,VAL,fts5,206,161174500
QOS_default-1,VAL,fts5,207,163400200
QOS_default-1,VAL,fts5,208,170250000
QOS_default-1,VAL,fts5,209,161334100
QOS_default-1,VAL,fts5,210,167187100
QOS_default-1,VAL,fts5,211,169287600
QOS_default-1,VAL,fts5,212,167545500
QOS_default-1,VAL,fts5,213,164070000
QOS_default-1,VAL,fts5,214,164208200
QOS_default-1,VAL,fts5,215,162640700
QOS_default-1,VAL,fts5,216,172509000
QOS_default-1,VAL,fts5,217,162937700
QOS_default-1,VAL,fts5,218,166145800
QOS_default-1,VAL,fts5,219,159179200
QOS_default-1,VAL,fts5,220,162826200
QOS_default-1,VAL,fts5,221,160532300
QOS_default-1,VAL,fts5,222,168115500
QOS_default-1,VAL,fts5,223,179424900
QOS_default-1,VAL,fts5,224,168081200
QOS_default-1,VAL,fts5,225,163713600
QOS_default-1,VAL,fts5,226,156507300
QOS_default-1,VAL,fts5,227,166444700
QOS_default-1,VAL,fts5,228,159223200
QOS_default-1,VAL,fts5,229,163243700
QOS_default-1,VAL,fts5,230,170608100
QOS_default-1,VAL,fts5,231,172085700
QOS_default-1,VAL,fts5,232,169300300
QOS_default-1,VAL,fts5,233,159031000
QOS_default-1,VAL,fts5,234,160951200
QOS_default-1,VAL,fts5,235,160095400
QOS_default-1,VAL,fts5,236,171309700
QOS_default-1,VAL,fts5,237,168500000
QOS_default-1,VAL,fts5,238,158634900
QOS_default-1,VAL,fts5,239,168937500
QOS_default-1,VAL,fts5,240,161653600
QOS_high-qos,VAL,fts5,1,43694400
QOS_high-qos,VAL,fts5,2,166860700
QOS_high-qos,VAL,fts5,3,137402600
QOS_high-qos,VAL,fts5,4,40509500
QOS_high-qos,VAL,fts5,5,142104600
QOS_high-qos,VAL,fts5,6,146618500
QOS_high-qos,VAL,fts5,7,40495300
QOS_high-qos,VAL,fts5,8,144171600
QOS_high-qos,VAL,fts5,9,140260000
QOS_high-qos,VAL,fts5,10,38265000
QOS_high-qos,VAL,fts5,11,147879900
QOS_high-qos,VAL,fts5,12,140412900
QOS_high-qos,VAL,fts5,13,36802700
QOS_high-qos,VAL,fts5,14,141768400
QOS_high-qos,VAL,fts5,15,143020400
QOS_high-qos,VAL,fts5,16,36825600
QOS_high-qos,VAL,fts5,17,139268700
QOS_high-qos,VAL,fts5,18,142227000
QOS_high-qos,VAL,fts5,19,39030400
QOS_high-qos,VAL,fts5,20,143129600
QOS_high-qos,VAL,fts5,21,149859200
QOS_high-qos,VAL,fts5,22,39104400
QOS_high-qos,VAL,fts5,23,143605200
QOS_high-qos,VAL,fts5,24,141029100
QOS_high-qos,VAL,fts5,25,122149200
QOS_high-qos,VAL,fts5,26,123808700
QOS_high-qos,VAL,fts5,27,124678100
QOS_high-qos,VAL,fts5,28,20586000
QOS_high-qos,VAL,fts5,29,121511700
QOS_high-qos,VAL,fts5,30,118099800
QOS_high-qos,VAL,fts5,31,120764900
QOS_high-qos,VAL,fts5,32,27418400
QOS_high-qos,VAL,fts5,33,119612800
QOS_high-qos,VAL,fts5,34,132512700
QOS_high-qos,VAL,fts5,35,124002000
QOS_high-qos,VAL,fts5,36,124657400
QOS_high-qos,VAL,fts5,37,124128300
QOS_high-qos,VAL,fts5,38,122709200
QOS_high-qos,VAL,fts5,39,118367800
QOS_high-qos,VAL,fts5,40,24343600
QOS_high-qos,VAL,fts5,41,119774900
QOS_high-qos,VAL,fts5,42,119371300
QOS_high-qos,VAL,fts5,43,117518500
QOS_high-qos,VAL,fts5,44,21085700
QOS_high-qos,VAL,fts5,45,125857400
QOS_high-qos,VAL,fts5,46,124606400
QOS_high-qos,VAL,fts5,47,132522300
QOS_high-qos,VAL,fts5,48,128316900
QOS_high-qos,VAL,fts5,49,137051800
QOS_high-qos,VAL,fts5,50,124457300
QOS_high-qos,VAL,fts5,51,130998500
QOS_high-qos,VAL,fts5,52,24721200
QOS_high-qos,VAL,fts5,53,119525600
QOS_high-qos,VAL,fts5,54,119759800
QOS_high-qos,VAL,fts5,55,114503000
QOS_high-qos,VAL,fts5,56,24238700
QOS_high-qos,VAL,fts5,57,115581400
QOS_high-qos,VAL,fts5,58,125023700
QOS_high-qos,VAL,fts5,59,123525100
QOS_high-qos,VAL,fts5,60,125772000
QOS_high-qos,VAL,fts5,61,372855100
QOS_high-qos,VAL,fts5,62,375439900
QOS_high-qos,VAL,fts5,63,372942000
QOS_high-qos,VAL,fts5,64,400736900
QOS_high-qos,VAL,fts5,65,360813800
QOS_high-qos,VAL,fts5,66,371969500
QOS_high-qos,VAL,fts5,67,377315600
QOS_high-qos,VAL,fts5,68,381708200
QOS_high-qos,VAL,fts5,69,364330100
QOS_high-qos,VAL,fts5,70,371741800
QOS_high-qos,VAL,fts5,71,393789100
QOS_high-qos,VAL,fts5,72,367015900
QOS_high-qos,VAL,fts5,73,391689000
QOS_high-qos,VAL,fts5,74,388341800
QOS_high-qos,VAL,fts5,75,375072600
QOS_high-qos,VAL,fts5,76,371068900
QOS_high-qos,VAL,fts5,77,375086700
QOS_high-qos,VAL,fts5,78,379803300
QOS_high-qos,VAL,fts5,79,384926400
QOS_high-qos,VAL,fts5,80,387114200
QOS_high-qos,VAL,fts5,81,385114200
QOS_high-qos,VAL,fts5,82,376401300
QOS_high-qos,VAL,fts5,83,392573100
QOS_high-qos,VAL,fts5,84,372430800
QOS_high-qos,VAL,fts5,85,393326300
QOS_high-qos,VAL,fts5,86,373505300
QOS_high-qos,VAL,fts5,87,379695300
QOS_high-qos,VAL,fts5,88,389680100
QOS_high-qos,VAL,fts5,89,382683900
QOS_high-qos,VAL,fts5,90,374017100
QOS_high-qos,VAL,fts5,91,377132100
QOS_high-qos,VAL,fts5,92,376445300
QOS_high-qos,VAL,fts5,93,383916100
QOS_high-qos,VAL,fts5,94,385216000
QOS_high-qos,VAL,fts5,95,389808000
QOS_high-qos,VAL,fts5,96,384911500
QOS_high-qos,VAL,fts5,97,236543100
QOS_high-qos,VAL,fts5,98,452496500
QOS_high-qos,VAL,fts5,99,233068700
QOS_high-qos,VAL,fts5,100,493483700
QOS_high-qos,VAL,fts5,101,372804200
QOS_high-qos,VAL,fts5,102,392320300
QOS_high-qos,VAL,fts5,103,272040200
QOS_high-qos,VAL,fts5,104,222002400
QOS_high-qos,VAL,fts5,105,309332100
QOS_high-qos,VAL,fts5,106,253833500
QOS_high-qos,VAL,fts5,107,494792400
QOS_high-qos,VAL,fts5,108,319555900
QOS_high-qos,VAL,fts5,109,365006100
QOS_high-qos,VAL,fts5,110,480901100
QOS_high-qos,VAL,fts5,111,507425500
QOS_high-qos,VAL,fts5,112,395351400
QOS_high-qos,VAL,fts5,113,264578200
QOS_high-qos,VAL,fts5,114,258962300
QOS_high-qos,VAL,fts5,115,377606000
QOS_high-qos,VAL,fts5,116,526495900
QOS_high-qos,VAL,fts5,117,478966800
QOS_high-qos,VAL,fts5,118,526121000
QOS_high-qos,VAL,fts5,119,501328100
QOS_high-qos,VAL,fts5,120,360762400
QOS_high-qos,VAL,fts5,121,388706600
QOS_high-qos,VAL,fts5,122,313010400
QOS_high-qos,VAL,fts5,123,516015400
QOS_high-qos,VAL,fts5,124,260426800
QOS_high-qos,VAL,fts5,125,527751000
QOS_high-qos,VAL,fts5,126,549804700
QOS_high-qos,VAL,fts5,127,467201700
QOS_high-qos,VAL,fts5,128,317420300
QOS_high-qos,VAL,fts5,129,440255800
QOS_high-qos,VAL,fts5,130,365732400
QOS_high-qos,VAL,fts5,131,272155200
QOS_high-qos,VAL,fts5,132,513433400
QOS_high-qos,VAL,fts5,133,228668000
QOS_high-qos,VAL,fts5,134,497034800
QOS_high-qos,VAL,fts5,135,570876300
QOS_high-qos,VAL,fts5,136,272526200
QOS_high-qos,VAL,fts5,137,470153400
QOS_high-qos,VAL,fts5,138,480290700
QOS_high-qos,VAL,fts5,139,492449800
QOS_high-qos,VAL,fts5,140,499947500
QOS_high-qos,VAL,fts5,141,502872400
QOS_high-qos,VAL,fts5,142,228866000
QOS_high-qos,VAL,fts5,143,485565400
QOS_high-qos,VAL,fts5,144,481903800
QOS_high-qos,VAL,fts5,145,536412400
QOS_high-qos,VAL,fts5,146,512264100
QOS_high-qos,VAL,fts5,147,265489200
QOS_high-qos,VAL,fts5,148,415043300
QOS_high-qos,VAL,fts5,149,492303800
QOS_high-qos,VAL,fts5,150,487671500
QOS_high-qos,VAL,fts5,151,524016400
QOS_high-qos,VAL,fts5,152,501338800
QOS_high-qos,VAL,fts5,153,488740900
QOS_high-qos,VAL,fts5,154,230327300
QOS_high-qos,VAL,fts5,155,455388900
QOS_high-qos,VAL,fts5,156,317687700
QOS_high-qos,VAL,fts5,157,499967300
QOS_high-qos,VAL,fts5,158,564291500
QOS_high-qos,VAL,fts5,159,276406900
QOS_high-qos,VAL,fts5,160,525225100
QOS_high-qos,VAL,fts5,161,503787400
QOS_high-qos,VAL,fts5,162,467392900
QOS_high-qos,VAL,fts5,163,527683800
QOS_high-qos,VAL,fts5,164,490489100
QOS_high-qos,VAL,fts5,165,508530600
QOS_high-qos,VAL,fts5,166,230112700
QOS_high-qos,VAL,fts5,167,512480700
QOS_high-qos,VAL,fts5,168,373350100
QOS_high-qos,VAL,fts5,169,476394800
QOS_high-qos,VAL,fts5,170,398429200
QOS_high-qos,VAL,fts5,171,563857800
QOS_high-qos,VAL,fts5,172,313706000
QOS_high-qos,VAL,fts5,173,495269500
QOS_high-qos,VAL,fts5,174,497554700
QOS_high-qos,VAL,fts5,175,398243400
QOS_high-qos,VAL,fts5,176,313136500
QOS_high-qos,VAL,fts5,177,312175800
QOS_high-qos,VAL,fts5,178,483015600
QOS_high-qos,VAL,fts5,179,314080500
QOS_high-qos,VAL,fts5,180,375829000
QOS_high-qos,VAL,fts5,181,582095400
QOS_high-qos,VAL,fts5,182,329787000
QOS_high-qos,VAL,fts5,183,583280600
QOS_high-qos,VAL,fts5,184,328499400
QOS_high-qos,VAL,fts5,185,655143300
QOS_high-qos,VAL,fts5,186,601101100
QOS_high-qos,VAL,fts5,187,537659000
QOS_high-qos,VAL,fts5,188,550892600
QOS_high-qos,VAL,fts5,189,572269200
QOS_high-qos,VAL,fts5,190,578549200
QOS_high-qos,VAL,fts5,191,417279100
QOS_high-qos,VAL,fts5,192,370894800
QOS_high-qos,VAL,fts5,193,586624900
QOS_high-qos,VAL,fts5,194,641893100
QOS_high-qos,VAL,fts5,195,553553700
QOS_high-qos,VAL,fts5,196,553711900
QOS_high-qos,VAL,fts5,197,541594000
QOS_high-qos,VAL,fts5,198,555349900
QOS_high-qos,VAL,fts5,199,592832200
QOS_high-qos,VAL,fts5,200,513686200
QOS_high-qos,VAL,fts5,201,164218700
QOS_high-qos,VAL,fts5,202,165695700
QOS_high-qos,VAL,fts5,203,167284100
QOS_high-qos,VAL,fts5,204,167270500
QOS_high-qos,VAL,fts5,205,171502700
QOS_high-qos,VAL,fts5,206,165307600
QOS_high-qos,VAL,fts5,207,172588100
QOS_high-qos,VAL,fts5,208,175739500
QOS_high-qos,VAL,fts5,209,157056000
QOS_high-qos,VAL,fts5,210,163809500
QOS_high-qos,VAL,fts5,211,166866400
QOS_high-qos,VAL,fts5,212,164709100
QOS_high-qos,VAL,fts5,213,167487900
QOS_high-qos,VAL,fts5,214,163023300
QOS_high-qos,VAL,fts5,215,166949800
QOS_high-qos,VAL,fts5,216,171383400
QOS_high-qos,VAL,fts5,217,162611000
QOS_high-qos,VAL,fts5,218,172142900
QOS_high-qos,VAL,fts5,219,166125300
QOS_high-qos,VAL,fts5,220,167183300
QOS_high-qos,VAL,fts5,221,168514600
QOS_high-qos,VAL,fts5,222,167615000
QOS_high-qos,VAL,fts5,223,162847100
QOS_high-qos,VAL,fts5,224,167634700
QOS_high-qos,VAL,fts5,225,163283100
QOS_high-qos,VAL,fts5,226,166318400
QOS_high-qos,VAL,fts5,227,166305100
QOS_high-qos,VAL,fts5,228,162804100
QOS_high-qos,VAL,fts5,229,161703300
QOS_high-qos,VAL,fts5,230,163891100
QOS_high-qos,VAL,fts5,231,163134400
QOS_high-qos,VAL,fts5,232,162211100
QOS_high-qos,VAL,fts5,233,151999600
QOS_high-qos,VAL,fts5,234,164035900
QOS_high-qos,VAL,fts5,235,160392400
QOS_high-qos,VAL,fts5,236,171700900
QOS_high-qos,VAL,fts5,237,169247700
QOS_high-qos,VAL,fts5,238,164259000
QOS_high-qos,VAL,fts5,239,162533500
QOS_high-qos,VAL,fts5,240,159812000
QOS_default-2,VAL,fts5,1,38992400
QOS_default-2,VAL,fts5,2,146773100
QOS_default-2,VAL,fts5,3,143668200
QOS_default-2,VAL,fts5,4,39772200
QOS_default-2,VAL,fts5,5,144016300
QOS_default-2,VAL,fts5,6,140964300
QOS_default-2,VAL,fts5,7,42082500
QOS_default-2,VAL,fts5,8,141807500
QOS_default-2,VAL,fts5,9,141715600
QOS_default-2,VAL,fts5,10,37814300
QOS_default-2,VAL,fts5,11,143192600
QOS_default-2,VAL,fts5,12,143097600
QOS_default-2,VAL,fts5,13,38121100
QOS_default-2,VAL,fts5,14,144838000
QOS_default-2,VAL,fts5,15,141944300
QOS_default-2,VAL,fts5,16,39057300
QOS_default-2,VAL,fts5,17,147229800
QOS_default-2,VAL,fts5,18,151038000
QOS_default-2,VAL,fts5,19,39126600
QOS_default-2,VAL,fts5,20,146536200
QOS_default-2,VAL,fts5,21,159851200
QOS_default-2,VAL,fts5,22,37831000
QOS_default-2,VAL,fts5,23,147343200
QOS_default-2,VAL,fts5,24,152006800
QOS_default-2,VAL,fts5,25,135574700
QOS_default-2,VAL,fts5,26,131510200
QOS_default-2,VAL,fts5,27,121414400
QOS_default-2,VAL,fts5,28,20690800
QOS_default-2,VAL,fts5,29,126078900
QOS_default-2,VAL,fts5,30,127004900
QOS_default-2,VAL,fts5,31,116052000
QOS_default-2,VAL,fts5,32,21126400
QOS_default-2,VAL,fts5,33,118008800
QOS_default-2,VAL,fts5,34,131491000
QOS_default-2,VAL,fts5,35,134628200
QOS_default-2,VAL,fts5,36,130658400
QOS_default-2,VAL,fts5,37,123525700
QOS_default-2,VAL,fts5,38,126333400
QOS_default-2,VAL,fts5,39,124165300
QOS_default-2,VAL,fts5,40,22247900
QOS_default-2,VAL,fts5,41,123636300
QOS_default-2,VAL,fts5,42,123038300
QOS_default-2,VAL,fts5,43,122217300
QOS_default-2,VAL,fts5,44,22157900
QOS_default-2,VAL,fts5,45,126619300
QOS_default-2,VAL,fts5,46,126385800
QOS_default-2,VAL,fts5,47,125313000
QOS_default-2,VAL,fts5,48,121550900
QOS_default-2,VAL,fts5,49,118165600
QOS_default-2,VAL,fts5,50,123093200
QOS_default-2,VAL,fts5,51,129370600
QOS_default-2,VAL,fts5,52,19744400
QOS_default-2,VAL,fts5,53,124066200
QOS_default-2,VAL,fts5,54,127184100
QOS_default-2,VAL,fts5,55,111627600
QOS_default-2,VAL,fts5,56,22290700
QOS_default-2,VAL,fts5,57,114867400
QOS_default-2,VAL,fts5,58,128471000
QOS_default-2,VAL,fts5,59,120664200
QOS_default-2,VAL,fts5,60,123541600
QOS_default-2,VAL,fts5,61,355300700
QOS_default-2,VAL,fts5,62,372783800
QOS_default-2,VAL,fts5,63,410233900
QOS_default-2,VAL,fts5,64,376565200
QOS_default-2,VAL,fts5,65,375627900
QOS_default-2,VAL,fts5,66,374147900
QOS_default-2,VAL,fts5,67,390332300
QOS_default-2,VAL,fts5,68,383179100
QOS_default-2,VAL,fts5,69,368846100
QOS_default-2,VAL,fts5,70,376713600
QOS_default-2,VAL,fts5,71,362633100
QOS_default-2,VAL,fts5,72,379732200
QOS_default-2,VAL,fts5,73,387846800
QOS_default-2,VAL,fts5,74,384720300
QOS_default-2,VAL,fts5,75,385886900
QOS_default-2,VAL,fts5,76,366353100
QOS_default-2,VAL,fts5,77,371190300
QOS_default-2,VAL,fts5,78,388392100
QOS_default-2,VAL,fts5,79,397180400
QOS_default-2,VAL,fts5,80,377958600
QOS_default-2,VAL,fts5,81,370274300
QOS_default-2,VAL,fts5,82,369051600
QOS_default-2,VAL,fts5,83,388227200
QOS_default-2,VAL,fts5,84,387688200
QOS_default-2,VAL,fts5,85,385229000
QOS_default-2,VAL,fts5,86,367481100
QOS_default-2,VAL,fts5,87,368549300
QOS_default-2,VAL,fts5,88,374643500
QOS_default-2,VAL,fts5,89,377920500
QOS_default-2,VAL,fts5,90,384657900
QOS_default-2,VAL,fts5,91,386806900
QOS_default-2,VAL,fts5,92,368617200
QOS_default-2,VAL,fts5,93,379345500
QOS_default-2,VAL,fts5,94,396358500
QOS_default-2,VAL,fts5,95,417274800
QOS_default-2,VAL,fts5,96,378633600
QOS_default-2,VAL,fts5,97,227469100
QOS_default-2,VAL,fts5,98,452831100
QOS_default-2,VAL,fts5,99,234901100
QOS_default-2,VAL,fts5,100,495435000
QOS_default-2,VAL,fts5,101,383061900
QOS_default-2,VAL,fts5,102,386903300
QOS_default-2,VAL,fts5,103,250150000
QOS_default-2,VAL,fts5,104,218934000
QOS_default-2,VAL,fts5,105,314502700
QOS_default-2,VAL,fts5,106,252263800
QOS_default-2,VAL,fts5,107,490665100
QOS_default-2,VAL,fts5,108,331599400
QOS_default-2,VAL,fts5,109,359821900
QOS_default-2,VAL,fts5,110,479881000
QOS_default-2,VAL,fts5,111,502155700
QOS_default-2,VAL,fts5,112,399653900
QOS_default-2,VAL,fts5,113,229817000
QOS_default-2,VAL,fts5,114,261481400
QOS_default-2,VAL,fts5,115,372544700
QOS_default-2,VAL,fts5,116,521037300
QOS_default-2,VAL,fts5,117,478183200
QOS_default-2,VAL,fts5,118,523522900
QOS_default-2,VAL,fts5,119,478736200
QOS_default-2,VAL,fts5,120,356236400
QOS_default-2,VAL,fts5,121,384474000
QOS_default-2,VAL,fts5,122,320677300
QOS_default-2,VAL,fts5,123,530551800
QOS_default-2,VAL,fts5,124,278851800
QOS_default-2,VAL,fts5,125,534129300
QOS_default-2,VAL,fts5,126,529679100
QOS_default-2,VAL,fts5,127,458875700
QOS_default-2,VAL,fts5,128,308420300
QOS_default-2,VAL,fts5,129,442105100
QOS_default-2,VAL,fts5,130,371628400
QOS_default-2,VAL,fts5,131,264874600
QOS_default-2,VAL,fts5,132,503467000
QOS_default-2,VAL,fts5,133,228608000
QOS_default-2,VAL,fts5,134,476387600
QOS_default-2,VAL,fts5,135,563171500
QOS_default-2,VAL,fts5,136,259609100
QOS_default-2,VAL,fts5,137,471563400
QOS_default-2,VAL,fts5,138,472429300
QOS_default-2,VAL,fts5,139,504639700
QOS_default-2,VAL,fts5,140,506052900
QOS_default-2,VAL,fts5,141,510629200
QOS_default-2,VAL,fts5,142,228996200
QOS_default-2,VAL,fts5,143,498571600
QOS_default-2,VAL,fts5,144,353894900
QOS_default-2,VAL,fts5,145,528853100
QOS_default-2,VAL,fts5,146,510914000
QOS_default-2,VAL,fts5,147,277718500
QOS_default-2,VAL,fts5,148,414447100
QOS_default-2,VAL,fts5,149,491361200
QOS_default-2,VAL,fts5,150,480969600
QOS_default-2,VAL,fts5,151,525287900
QOS_default-2,VAL,fts5,152,498641200
QOS_default-2,VAL,fts5,153,487047100
QOS_default-2,VAL,fts5,154,229922200
QOS_default-2,VAL,fts5,155,443142100
QOS_default-2,VAL,fts5,156,313234400
QOS_default-2,VAL,fts5,157,537028700
QOS_default-2,VAL,fts5,158,591981300
QOS_default-2,VAL,fts5,159,280811400
QOS_default-2,VAL,fts5,160,537813400
QOS_default-2,VAL,fts5,161,526444600
QOS_default-2,VAL,fts5,162,466063300
QOS_default-2,VAL,fts5,163,549715000
QOS_default-2,VAL,fts5,164,501912900
QOS_default-2,VAL,fts5,165,511251400
QOS_default-2,VAL,fts5,166,243169500
QOS_default-2,VAL,fts5,167,546195600
QOS_default-2,VAL,fts5,168,376329400
QOS_default-2,VAL,fts5,169,488445100
QOS_default-2,VAL,fts5,170,406824700
QOS_default-2,VAL,fts5,171,535520200
QOS_default-2,VAL,fts5,172,334229700
QOS_default-2,VAL,fts5,173,500371200
QOS_default-2,VAL,fts5,174,482755600
QOS_default-2,VAL,fts5,175,401607100
QOS_default-2,VAL,fts5,176,326236800
QOS_default-2,VAL,fts5,177,317880800
QOS_default-2,VAL,fts5,178,490186100
QOS_default-2,VAL,fts5,179,320150500
QOS_default-2,VAL,fts5,180,375180200
QOS_default-2,VAL,fts5,181,579794100
QOS_default-2,VAL,fts5,182,332670500
QOS_default-2,VAL,fts5,183,611172000
QOS_default-2,VAL,fts5,184,357334900
QOS_default-2,VAL,fts5,185,648253100
QOS_default-2,VAL,fts5,186,616503100
QOS_default-2,VAL,fts5,187,566108800
QOS_default-2,VAL,fts5,188,586931100
QOS_default-2,VAL,fts5,189,602134100
QOS_default-2,VAL,fts5,190,639270300
QOS_default-2,VAL,fts5,191,444413300
QOS_default-2,VAL,fts5,192,425649600
QOS_default-2,VAL,fts5,193,662490800
QOS_default-2,VAL,fts5,194,693433700
QOS_default-2,VAL,fts5,195,614197000
QOS_default-2,VAL,fts5,196,592051700
QOS_default-2,VAL,fts5,197,607368400
QOS_default-2,VAL,fts5,198,577767700
QOS_default-2,VAL,fts5,199,664759200
QOS_default-2,VAL,fts5,200,636006700
QOS_default-2,VAL,fts5,201,177356500
QOS_default-2,VAL,fts5,202,176399600
QOS_default-2,VAL,fts5,203,182883700
QOS_default-2,VAL,fts5,204,169566500
QOS_default-2,VAL,fts5,205,177961200
QOS_default-2,VAL,fts5,206,177911500
QOS_default-2,VAL,fts5,207,185179000
QOS_default-2,VAL,fts5,208,193405000
QOS_default-2,VAL,fts5,209,191422500
QOS_default-2,VAL,fts5,210,180300000
QOS_default-2,VAL,fts5,211,266717400
QOS_default-2,VAL,fts5,212,165159900
QOS_default-2,VAL,fts5,213,184915200
QOS_default-2,VAL,fts5,214,162732800
QOS_default-2,VAL,fts5,215,173175400
QOS_default-2,VAL,fts5,216,174164700
QOS_default-2,VAL,fts5,217,186673200
QOS_default-2,VAL,fts5,218,177419600
QOS_default-2,VAL,fts5,219,164590200
QOS_default-2,VAL,fts5,220,174115700
QOS_default-2,VAL,fts5,221,178921800
QOS_default-2,VAL,fts5,222,198108500
QOS_default-2,VAL,fts5,223,172974900
QOS_default-2,VAL,fts5,224,186672500
QOS_default-2,VAL,fts5,225,175138700
QOS_default-2,VAL,fts5,226,177943100
QOS_default-2,VAL,fts5,227,181445100
QOS_default-2,VAL,fts5,228,168909600
QOS_default-2,VAL,fts5,229,184023700
QOS_default-2,VAL,fts5,230,183572400
QOS_default-2,VAL,fts5,231,174573100
QOS_default-2,VAL,fts5,232,173087200
QOS_default-2,VAL,fts5,233,170411200
QOS_default-2,VAL,fts5,234,169303300
QOS_default-2,VAL,fts5,235,164749300
QOS_default-2,VAL,fts5,236,191133900
QOS_default-2,VAL,fts5,237,171869900
QOS_default-2,VAL,fts5,238,184725700
QOS_default-2,VAL,fts5,239,186971100
QOS_default-2,VAL,fts5,240,169405200
